ts_open,ts_close,open,high,low,close
2026-03-29T18:00:00-04:00,2026-03-29T18:01:00-04:00,3020.00,3021.00,3019.00,3020.50
2026-03-29T18:01:00-04:00,2026-03-29T18:02:00-04:00,3018.00,3019.00,3017.00,3017.50
2026-03-29T18:02:00-04:00,2026-03-29T18:03:00-04:00,3022.00,3024.00,3021.50,3023.00
2026-03-29T18:03:00-04:00,2026-03-29T18:04:00-04:00,3020.20,3020.50,3020.00,3020.30
2026-03-29T18:04:00-04:00,2026-03-29T18:05:00-04:00,3020.50,3020.80,3020.30,3020.60
2026-03-29T18:05:00-04:00,2026-03-29T18:06:00-04:00,3020.80,3021.10,3020.60,3020.90
2026-03-29T18:06:00-04:00,2026-03-29T18:07:00-04:00,3021.10,3021.40,3020.90,3021.20
2026-03-29T18:07:00-04:00,2026-03-29T18:08:00-04:00,3021.40,3021.70,3021.20,3021.50
2026-03-29T18:08:00-04:00,2026-03-29T18:09:00-04:00,3021.70,3022.00,3021.50,3021.80
2026-03-29T18:09:00-04:00,2026-03-29T18:10:00-04:00,3022.00,3022.30,3021.80,3022.10
2026-03-29T18:10:00-04:00,2026-03-29T18:11:00-04:00,3022.30,3022.60,3022.10,3022.40
2026-03-29T18:11:00-04:00,2026-03-29T18:12:00-04:00,3022.60,3022.90,3022.40,3022.70
2026-03-29T18:12:00-04:00,2026-03-29T18:13:00-04:00,3022.90,3023.20,3022.70,3023.00
2026-03-29T18:13:00-04:00,2026-03-29T18:14:00-04:00,3023.20,3023.50,3023.00,3023.30
2026-03-29T18:14:00-04:00,2026-03-29T18:15:00-04:00,3023.50,3023.80,3023.30,3023.60
2026-03-29T18:15:00-04:00,2026-03-29T18:16:00-04:00,3023.80,3024.10,3023.60,3023.90
2026-03-29T18:16:00-04:00,2026-03-29T18:17:00-04:00,3024.10,3024.40,3023.90,3024.20
2026-03-29T18:17:00-04:00,2026-03-29T18:18:00-04:00,3024.40,3024.70,3024.20,3024.50
2026-03-29T18:18:00-04:00,2026-03-29T18:19:00-04:00,3024.70,3025.00,3024.50,3024.80
2026-03-29T18:19:00-04:00,2026-03-29T18:20:00-04:00,3025.00,3025.30,3024.80,3025.10
2026-03-29T18:20:00-04:00,2026-03-29T18:21:00-04:00,3025.30,3025.60,3025.10,3025.40
2026-03-29T18:21:00-04:00,2026-03-29T18:22:00-04:00,3025.60,3025.90,3025.40,3025.70
2026-03-29T18:22:00-04:00,2026-03-29T18:23:00-04:00,3025.90,3026.20,3025.70,3026.00
2026-03-29T18:23:00-04:00,2026-03-29T18:24:00-04:00,3026.20,3026.50,3026.00,3026.30
2026-03-29T18:24:00-04:00,2026-03-29T18:25:00-04:00,3026.50,3026.80,3026.30,3026.60
2026-03-29T18:25:00-04:00,2026-03-29T18:26:00-04:00,3026.80,3027.10,3026.60,3026.90
2026-03-29T18:26:00-04:00,2026-03-29T18:27:00-04:00,3027.10,3027.40,3026.90,3027.20
2026-03-29T18:27:00-04:00,2026-03-29T18:28:00-04:00,3027.40,3027.70,3027.20,3027.50
2026-03-29T18:28:00-04:00,2026-03-29T18:29:00-04:00,3027.70,3028.00,3027.50,3027.80
2026-03-29T18:29:00-04:00,2026-03-29T18:30:00-04:00,3028.00,3028.30,3027.80,3028.10
2026-03-29T18:30:00-04:00,2026-03-29T18:31:00-04:00,3028.30,3028.60,3028.10,3028.40
2026-03-29T18:31:00-04:00,2026-03-29T18:32:00-04:00,3028.60,3028.90,3028.40,3028.70
2026-03-29T18:32:00-04:00,2026-03-29T18:33:00-04:00,3028.90,3029.20,3028.70,3029.00
2026-03-29T18:33:00-04:00,2026-03-29T18:34:00-04:00,3029.20,3029.50,3029.00,3029.30
2026-03-29T18:34:00-04:00,2026-03-29T18:35:00-04:00,3029.50,3029.80,3029.30,3029.60
2026-03-29T18:35:00-04:00,2026-03-29T18:36:00-04:00,3029.80,3030.10,3029.60,3029.90
2026-03-29T18:36:00-04:00,2026-03-29T18:37:00-04:00,3030.10,3030.40,3029.90,3030.20
2026-03-29T18:37:00-04:00,2026-03-29T18:38:00-04:00,3030.40,3030.70,3030.20,3030.50
2026-03-29T18:38:00-04:00,2026-03-29T18:39:00-04:00,3030.70,3031.00,3030.50,3030.80
2026-03-29T18:39:00-04:00,2026-03-29T18:40:00-04:00,3031.00,3031.30,3030.80,3031.10
2026-03-29T18:40:00-04:00,2026-03-29T18:41:00-04:00,3031.30,3031.60,3031.10,3031.40
2026-03-29T18:41:00-04:00,2026-03-29T18:42:00-04:00,3031.60,3031.90,3031.40,3031.70
2026-03-29T18:42:00-04:00,2026-03-29T18:43:00-04:00,3031.90,3032.20,3031.70,3032.00
2026-03-29T18:43:00-04:00,2026-03-29T18:44:00-04:00,3032.20,3032.50,3032.00,3032.30
2026-03-29T18:44:00-04:00,2026-03-29T18:45:00-04:00,3032.50,3032.80,3032.30,3032.60
2026-03-29T18:45:00-04:00,2026-03-29T18:46:00-04:00,3032.80,3033.10,3032.60,3032.90
2026-03-29T18:46:00-04:00,2026-03-29T18:47:00-04:00,3033.10,3033.40,3032.90,3033.20
2026-03-29T18:47:00-04:00,2026-03-29T18:48:00-04:00,3033.40,3033.70,3033.20,3033.50
2026-03-29T18:48:00-04:00,2026-03-29T18:49:00-04:00,3033.70,3034.00,3033.50,3033.80
2026-03-29T18:49:00-04:00,2026-03-29T18:50:00-04:00,3034.00,3034.30,3033.80,3034.10
2026-03-29T18:50:00-04:00,2026-03-29T18:51:00-04:00,3034.30,3034.60,3034.10,3034.40
2026-03-29T18:51:00-04:00,2026-03-29T18:52:00-04:00,3034.60,3034.90,3034.40,3034.70
2026-03-29T18:52:00-04:00,2026-03-29T18:53:00-04:00,3034.90,3035.20,3034.70,3035.00
2026-03-29T18:53:00-04:00,2026-03-29T18:54:00-04:00,3035.20,3035.50,3035.00,3035.30
2026-03-29T18:54:00-04:00,2026-03-29T18:55:00-04:00,3035.50,3035.80,3035.30,3035.60
2026-03-29T18:55:00-04:00,2026-03-29T18:56:00-04:00,3035.80,3036.10,3035.60,3035.90
2026-03-29T18:56:00-04:00,2026-03-29T18:57:00-04:00,3036.10,3036.40,3035.90,3036.20
2026-03-29T18:57:00-04:00,2026-03-29T18:58:00-04:00,3036.40,3036.70,3036.20,3036.50
2026-03-29T18:58:00-04:00,2026-03-29T18:59:00-04:00,3036.70,3037.00,3036.50,3036.80
2026-03-29T18:59:00-04:00,2026-03-29T19:00:00-04:00,3037.00,3037.30,3036.80,3037.10
2026-03-29T19:00:00-04:00,2026-03-29T19:01:00-04:00,3037.30,3037.60,3037.10,3037.40
2026-03-29T19:01:00-04:00,2026-03-29T19:02:00-04:00,3037.60,3037.90,3037.40,3037.70
2026-03-29T19:02:00-04:00,2026-03-29T19:03:00-04:00,3037.90,3038.20,3037.70,3038.00
2026-03-29T19:03:00-04:00,2026-03-29T19:04:00-04:00,3038.20,3038.50,3038.00,3038.30
2026-03-29T19:04:00-04:00,2026-03-29T19:05:00-04:00,3038.50,3038.80,3038.30,3038.60
2026-03-29T19:05:00-04:00,2026-03-29T19:06:00-04:00,3038.80,3039.10,3038.60,3038.90
2026-03-29T19:06:00-04:00,2026-03-29T19:07:00-04:00,3039.10,3039.40,3038.90,3039.20
2026-03-29T19:07:00-04:00,2026-03-29T19:08:00-04:00,3039.40,3039.70,3039.20,3039.50
2026-03-29T19:08:00-04:00,2026-03-29T19:09:00-04:00,3039.70,3040.00,3039.50,3039.80
2026-03-29T19:09:00-04:00,2026-03-29T19:10:00-04:00,3040.00,3040.30,3039.80,3040.10
2026-03-29T19:10:00-04:00,2026-03-29T19:11:00-04:00,3040.30,3040.60,3040.10,3040.40
2026-03-29T19:11:00-04:00,2026-03-29T19:12:00-04:00,3040.60,3040.90,3040.40,3040.70
2026-03-29T19:12:00-04:00,2026-03-29T19:13:00-04:00,3040.90,3041.20,3040.70,3041.00
2026-03-29T19:13:00-04:00,2026-03-29T19:14:00-04:00,3041.20,3041.50,3041.00,3041.30
2026-03-29T19:14:00-04:00,2026-03-29T19:15:00-04:00,3041.50,3041.80,3041.30,3041.60
2026-03-29T19:15:00-04:00,2026-03-29T19:16:00-04:00,3041.80,3042.10,3041.60,3041.90
2026-03-29T19:16:00-04:00,2026-03-29T19:17:00-04:00,3042.10,3042.40,3041.90,3042.20
2026-03-29T19:17:00-04:00,2026-03-29T19:18:00-04:00,3042.40,3042.70,3042.20,3042.50
2026-03-29T19:18:00-04:00,2026-03-29T19:19:00-04:00,3042.70,3043.00,3042.50,3042.80
2026-03-29T19:19:00-04:00,2026-03-29T19:20:00-04:00,3043.00,3043.30,3042.80,3043.10
2026-03-29T19:20:00-04:00,2026-03-29T19:21:00-04:00,3043.30,3043.60,3043.10,3043.40
2026-03-29T19:21:00-04:00,2026-03-29T19:22:00-04:00,3043.60,3043.90,3043.40,3043.70
2026-03-29T19:22:00-04:00,2026-03-29T19:23:00-04:00,3043.90,3044.20,3043.70,3044.00
2026-03-29T19:23:00-04:00,2026-03-29T19:24:00-04:00,3044.20,3044.50,3044.00,3044.30
2026-03-29T19:24:00-04:00,2026-03-29T19:25:00-04:00,3044.50,3044.80,3044.30,3044.60
2026-03-29T19:25:00-04:00,2026-03-29T19:26:00-04:00,3044.80,3045.10,3044.60,3044.90
2026-03-29T19:26:00-04:00,2026-03-29T19:27:00-04:00,3045.10,3045.40,3044.90,3045.20
2026-03-29T19:27:00-04:00,2026-03-29T19:28:00-04:00,3045.40,3045.70,3045.20,3045.50
2026-03-29T19:28:00-04:00,2026-03-29T19:29:00-04:00,3045.70,3046.00,3045.50,3045.80
2026-03-29T19:29:00-04:00,2026-03-29T19:30:00-04:00,3046.00,3046.30,3045.80,3046.10
2026-03-29T19:30:00-04:00,2026-03-29T19:31:00-04:00,3046.30,3046.60,3046.10,3046.40
2026-03-29T19:31:00-04:00,2026-03-29T19:32:00-04:00,3046.60,3046.90,3046.40,3046.70
2026-03-29T19:32:00-04:00,2026-03-29T19:33:00-04:00,3046.90,3047.20,3046.70,3047.00
2026-03-29T19:33:00-04:00,2026-03-29T19:34:00-04:00,3047.20,3047.50,3047.00,3047.30
2026-03-29T19:34:00-04:00,2026-03-29T19:35:00-04:00,3047.50,3047.80,3047.30,3047.60
