label,mf_thresh,ef_thresh,mf_extra_pct,ef_extra_pct,cfd_entry_thresh,total_injected_usd,total_gold_deployed,final_oz,avg_cost_usd,last_price,gold_value_usd,dca_cash_usd,cfd_capital_usd,total_assets_usd,total_return_usd,return_pct,n_buys,n_weekly_buys,n_mod_fear_buys,n_ext_fear_buys,n_sells,total_sell_proceeds,cfd_n_trades,cfd_n_tp,cfd_n_sl,cfd_win_rate_pct,cfd_pnl_usd
mf45_ef25_mp2.00_ep20.0_cfd30,45,25,2.0,20.0,30,13000.0,17424.12,4.6526,2374.13,4319.19,20095.43,785.74,2451.07,23332.25,10332.25,79.48,314,198,62,54,41,6209.86,13,8,5,61.5,1451.07
mf45_ef25_mp2.00_ep20.0_cfd35,45,25,2.0,20.0,35,13000.0,17424.12,4.6526,2374.13,4319.19,20095.43,785.74,2334.16,23215.33,10215.33,78.58,314,198,62,54,41,6209.86,7,6,1,85.7,1334.16
mf45_ef25_mp1.50_ep20.0_cfd30,45,25,1.5,20.0,30,13000.0,17255.0,4.6049,2382.74,4319.19,19889.62,846.58,2451.07,23187.27,10187.27,78.36,314,198,62,54,41,6101.58,13,8,5,61.5,1451.07
mf40_ef25_mp2.00_ep20.0_cfd30,40,25,2.0,20.0,30,13000.0,17239.68,4.5985,2384.2,4319.19,19861.6,869.36,2451.07,23182.03,10182.03,78.32,314,212,48,54,41,6109.04,13,8,5,61.5,1451.07
mf45_ef25_mp1.25_ep20.0_cfd30,45,25,1.25,20.0,30,13000.0,17167.31,4.5802,2387.22,4319.19,19782.88,878.71,2451.07,23112.66,10112.66,77.79,314,198,62,54,41,6046.01,13,8,5,61.5,1451.07
mf45_ef25_mp2.00_ep17.5_cfd30,45,25,2.0,17.5,30,13000.0,17042.74,4.5404,2376.66,4319.19,19610.99,1045.69,2451.07,23107.76,10107.76,77.75,314,198,62,54,41,6088.43,13,8,5,61.5,1451.07
mf40_ef25_mp1.50_ep20.0_cfd30,40,25,1.5,20.0,30,13000.0,17110.3,4.5626,2390.63,4319.19,19706.61,913.12,2451.07,23070.8,10070.8,77.47,314,212,48,54,41,6023.42,13,8,5,61.5,1451.07
mf45_ef25_mp1.50_ep20.0_cfd35,45,25,1.5,20.0,35,13000.0,17255.0,4.6049,2382.74,4319.19,19889.62,846.58,2334.16,23070.35,10070.35,77.46,314,198,62,54,41,6101.58,7,6,1,85.7,1334.16
mf40_ef25_mp2.00_ep20.0_cfd35,40,25,2.0,20.0,35,13000.0,17239.68,4.5985,2384.2,4319.19,19861.6,869.36,2334.16,23065.12,10065.12,77.42,314,212,48,54,41,6109.04,7,6,1,85.7,1334.16
mf35_ef25_mp2.00_ep20.0_cfd30,35,25,2.0,20.0,30,13000.0,17001.97,4.558,2395.72,4319.19,19686.76,911.84,2451.07,23049.68,10049.68,77.31,314,226,34,54,41,5913.82,13,8,5,61.5,1451.07
mf45_ef25_mp1.00_ep20.0_cfd30,45,25,1.0,20.0,30,13000.0,17077.45,4.5549,2391.82,4319.19,19673.49,912.03,2451.07,23036.59,10036.59,77.2,314,198,62,54,41,5989.48,13,8,5,61.5,1451.07
mf40_ef25_mp1.25_ep20.0_cfd30,40,25,1.25,20.0,30,13000.0,17043.97,4.5442,2393.94,4319.19,19627.07,935.82,2451.07,23013.97,10013.97,77.03,314,212,48,54,41,5979.79,13,8,5,61.5,1451.07
mf45_ef25_mp1.25_ep20.0_cfd35,45,25,1.25,20.0,35,13000.0,17167.31,4.5802,2387.22,4319.19,19782.88,878.71,2334.16,22995.74,9995.74,76.89,314,198,62,54,41,6046.01,7,6,1,85.7,1334.16
mf45_ef25_mp2.00_ep17.5_cfd35,45,25,2.0,17.5,35,13000.0,17042.74,4.5404,2376.66,4319.19,19610.99,1045.69,2334.16,22990.85,9990.85,76.85,314,198,62,54,41,6088.43,7,6,1,85.7,1334.16
mf35_ef25_mp1.50_ep20.0_cfd30,35,25,1.5,20.0,30,13000.0,16928.34,4.5313,2399.52,4319.19,19571.68,946.48,2451.07,22969.23,9969.23,76.69,314,226,34,54,41,5874.81,13,8,5,61.5,1451.07
mf45_ef25_mp2.00_ep20.0_cfd40,45,25,2.0,20.0,40,13000.0,17424.12,4.6526,2374.13,4319.19,20095.43,785.74,2081.98,22963.15,9963.15,76.64,314,198,62,54,41,6209.86,5,5,0,100.0,1081.98
mf45_ef25_mp0.75_ep20.0_cfd30,45,25,0.75,20.0,30,13000.0,16985.36,4.5289,2396.54,4319.19,19561.36,946.59,2451.07,22959.02,9959.02,76.61,314,198,62,54,41,5931.95,13,8,5,61.5,1451.07
mf40_ef25_mp1.00_ep20.0_cfd30,40,25,1.0,20.0,30,13000.0,16976.53,4.5254,2397.31,4319.19,19546.14,959.09,2451.07,22956.3,9956.3,76.59,314,212,48,54,41,5935.61,13,8,5,61.5,1451.07
mf40_ef25_mp1.50_ep20.0_cfd35,40,25,1.5,20.0,35,13000.0,17110.3,4.5626,2390.63,4319.19,19706.61,913.12,2334.16,22953.89,9953.89,76.57,314,212,48,54,41,6023.42,7,6,1,85.7,1334.16
mf45_ef25_mp1.50_ep17.5_cfd30,45,25,1.5,17.5,30,13000.0,16849.01,4.4858,2385.05,4319.19,19374.91,1126.99,2451.07,22952.97,9952.97,76.56,314,198,62,54,41,5975.99,13,8,5,61.5,1451.07
mf40_ef25_mp2.00_ep17.5_cfd30,40,25,2.0,17.5,30,13000.0,16827.56,4.4772,2386.28,4319.19,19338.03,1156.98,2451.07,22946.08,9946.08,76.51,314,212,48,54,41,5984.54,13,8,5,61.5,1451.07
mf35_ef25_mp2.00_ep20.0_cfd35,35,25,2.0,20.0,35,13000.0,17001.97,4.558,2395.72,4319.19,19686.76,911.84,2334.16,22932.77,9932.77,76.41,314,226,34,54,41,5913.82,7,6,1,85.7,1334.16
mf35_ef25_mp1.25_ep20.0_cfd30,35,25,1.25,20.0,30,13000.0,16890.76,4.5177,2401.45,4319.19,19513.0,964.26,2451.07,22928.34,9928.34,76.37,314,226,34,54,41,5855.03,13,8,5,61.5,1451.07
mf45_ef25_mp1.00_ep20.0_cfd35,45,25,1.0,20.0,35,13000.0,17077.45,4.5549,2391.82,4319.19,19673.49,912.03,2334.16,22919.67,9919.67,76.31,314,198,62,54,41,5989.48,7,6,1,85.7,1334.16
mf40_ef25_mp0.75_ep20.0_cfd30,40,25,0.75,20.0,30,13000.0,16907.93,4.5063,2400.76,4319.19,19463.77,982.94,2451.07,22897.78,9897.78,76.14,314,212,48,54,41,5890.87,13,8,5,61.5,1451.07
mf40_ef25_mp1.25_ep20.0_cfd35,40,25,1.25,20.0,35,13000.0,17043.97,4.5442,2393.94,4319.19,19627.07,935.82,2334.16,22897.05,9897.05,76.13,314,212,48,54,41,5979.79,7,6,1,85.7,1334.16
mf35_ef25_mp1.00_ep20.0_cfd30,35,25,1.0,20.0,30,13000.0,16852.68,4.504,2403.41,4319.19,19453.55,982.37,2451.07,22887.0,9887.0,76.05,314,226,34,54,41,5835.05,13,8,5,61.5,1451.07
mf45_ef25_mp2.00_ep15.0_cfd30,45,25,2.0,15.0,30,13000.0,16580.66,4.4093,2375.32,4319.19,19044.5,1380.39,2451.07,22875.97,9875.97,75.97,314,198,62,54,41,5961.05,13,8,5,61.5,1451.07
mf45_ef25_mp1.25_ep17.5_cfd30,45,25,1.25,17.5,30,13000.0,16748.36,4.4574,2389.4,4319.19,19252.25,1169.93,2451.07,22873.25,9873.25,75.95,314,198,62,54,41,5918.28,13,8,5,61.5,1451.07
mf35_ef25_mp1.50_ep20.0_cfd35,35,25,1.5,20.0,35,13000.0,16928.34,4.5313,2399.52,4319.19,19571.68,946.48,2334.16,22852.32,9852.32,75.79,314,226,34,54,41,5874.81,7,6,1,85.7,1334.16
mf35_ef25_mp0.75_ep20.0_cfd30,35,25,0.75,20.0,30,13000.0,16814.07,4.49,2405.4,4319.19,19393.31,1000.81,2451.07,22845.2,9845.2,75.73,314,226,34,54,41,5814.89,13,8,5,61.5,1451.07
mf45_ef25_mp0.75_ep20.0_cfd35,45,25,0.75,20.0,35,13000.0,16985.36,4.5289,2396.54,4319.19,19561.36,946.59,2334.16,22842.11,9842.11,75.71,314,198,62,54,41,5931.95,7,6,1,85.7,1334.16
mf40_ef25_mp1.00_ep20.0_cfd35,40,25,1.0,20.0,35,13000.0,16976.53,4.5254,2397.31,4319.19,19546.14,959.09,2334.16,22839.38,9839.38,75.69,314,212,48,54,41,5935.61,7,6,1,85.7,1334.16
mf45_ef25_mp1.50_ep17.5_cfd35,45,25,1.5,17.5,35,13000.0,16849.01,4.4858,2385.05,4319.19,19374.91,1126.99,2334.16,22836.05,9836.05,75.66,314,198,62,54,41,5975.99,7,6,1,85.7,1334.16
mf40_ef25_mp2.00_ep17.5_cfd35,40,25,2.0,17.5,35,13000.0,16827.56,4.4772,2386.28,4319.19,19338.03,1156.98,2334.16,22829.17,9829.17,75.61,314,212,48,54,41,5984.54,7,6,1,85.7,1334.16
mf40_ef25_mp1.50_ep17.5_cfd30,40,25,1.5,17.5,30,13000.0,16679.88,4.4362,2392.57,4319.19,19160.9,1215.56,2451.07,22827.53,9827.53,75.6,314,212,48,54,41,5895.44,13,8,5,61.5,1451.07
mf45_ef25_mp1.50_ep20.0_cfd40,45,25,1.5,20.0,40,13000.0,17255.0,4.6049,2382.74,4319.19,19889.62,846.58,2081.98,22818.18,9818.18,75.52,314,198,62,54,41,6101.58,5,5,0,100.0,1081.98
mf40_ef25_mp2.00_ep20.0_cfd40,40,25,2.0,20.0,40,13000.0,17239.68,4.5985,2384.2,4319.19,19861.6,869.36,2081.98,22812.94,9812.94,75.48,314,212,48,54,41,6109.04,5,5,0,100.0,1081.98
mf35_ef25_mp1.25_ep20.0_cfd35,35,25,1.25,20.0,35,13000.0,16890.76,4.5177,2401.45,4319.19,19513.0,964.26,2334.16,22811.43,9811.43,75.47,314,226,34,54,41,5855.03,7,6,1,85.7,1334.16
mf35_ef25_mp2.00_ep17.5_cfd30,35,25,2.0,17.5,30,13000.0,16568.62,4.4318,2397.91,4319.19,19141.64,1213.93,2451.07,22806.64,9806.64,75.44,314,226,34,54,41,5782.55,13,8,5,61.5,1451.07
mf45_ef25_mp1.00_ep17.5_cfd30,45,25,1.0,17.5,30,13000.0,16645.09,4.4282,2393.87,4319.19,19126.39,1214.47,2451.07,22791.93,9791.93,75.32,314,198,62,54,41,5859.56,13,8,5,61.5,1451.07
mf40_ef25_mp0.75_ep20.0_cfd35,40,25,0.75,20.0,35,13000.0,16907.93,4.5063,2400.76,4319.19,19463.77,982.94,2334.16,22780.87,9780.87,75.24,314,212,48,54,41,5890.87,7,6,1,85.7,1334.16
mf35_ef25_mp1.00_ep20.0_cfd35,35,25,1.0,20.0,35,13000.0,16852.68,4.504,2403.41,4319.19,19453.55,982.37,2334.16,22770.08,9770.08,75.15,314,226,34,54,41,5835.05,7,6,1,85.7,1334.16
mf40_ef25_mp1.25_ep17.5_cfd30,40,25,1.25,17.5,30,13000.0,16604.06,4.4152,2395.8,4319.19,19069.88,1245.96,2451.07,22766.92,9766.92,75.13,314,212,48,54,41,5850.03,13,8,5,61.5,1451.07
mf45_ef25_mp2.00_ep15.0_cfd35,45,25,2.0,15.0,35,13000.0,16580.66,4.4093,2375.32,4319.19,19044.5,1380.39,2334.16,22759.05,9759.05,75.07,314,198,62,54,41,5961.05,7,6,1,85.7,1334.16
mf45_ef25_mp1.25_ep17.5_cfd35,45,25,1.25,17.5,35,13000.0,16748.36,4.4574,2389.4,4319.19,19252.25,1169.93,2334.16,22756.34,9756.34,75.05,314,198,62,54,41,5918.28,7,6,1,85.7,1334.16
mf45_ef25_mp1.25_ep20.0_cfd40,45,25,1.25,20.0,40,13000.0,17167.31,4.5802,2387.22,4319.19,19782.88,878.71,2081.98,22743.57,9743.57,74.95,314,198,62,54,41,6046.01,5,5,0,100.0,1081.98
mf45_ef25_mp2.00_ep17.5_cfd40,45,25,2.0,17.5,40,13000.0,17042.74,4.5404,2376.66,4319.19,19610.99,1045.69,2081.98,22738.67,9738.67,74.91,314,198,62,54,41,6088.43,5,5,0,100.0,1081.98
mf35_ef25_mp0.75_ep20.0_cfd35,35,25,0.75,20.0,35,13000.0,16814.07,4.49,2405.4,4319.19,19393.31,1000.81,2334.16,22728.28,9728.28,74.83,314,226,34,54,41,5814.89,7,6,1,85.7,1334.16
mf35_ef25_mp1.50_ep17.5_cfd30,35,25,1.5,17.5,30,13000.0,16481.35,4.4011,2401.53,4319.19,19009.07,1260.3,2451.07,22720.44,9720.44,74.77,314,226,34,54,41,5741.64,13,8,5,61.5,1451.07
